P0843.png,P0843.txt
P1585.png,P1585.txt
P0857.png,P0857.txt
P1591.png,P1591.txt
P7651.png,P7651.txt
P2729.png,P2729.txt
P5720.png,P5720.txt
P0658.png,P0658.txt
P8204.png,P8204.txt
P7123.png,P7123.txt
P0894.png,P0894.txt
P1552.png,P1552.txt
P0664.png,P0664.txt
P2073.png,P2073.txt
P2067.png,P2067.txt
P1208.png,P1208.txt
P0116.png,P0116.txt
P1793.png,P1793.txt
P1977.png,P1977.txt
P1744.png,P1744.txt
P8760.png,P8760.txt
P7447.png,P7447.txt
P3147.png,P3147.txt
P2259.png,P2259.txt
P1778.png,P1778.txt
P7309.png,P7309.txt
P2517.png,P2517.txt
P2503.png,P2503.txt
P4172.png,P4172.txt
P0314.png,P0314.txt
P1181.png,P1181.txt
P2339.png,P2339.txt
P0248.png,P0248.txt
P1142.png,P1142.txt
P7255.png,P7255.txt
P2305.png,P2305.txt
P0512.png,P0512.txt
P10435.png,P10435.txt
P10347.png,P10347.txt
P0260.png,P0260.txt
P1618.png,P1618.txt
P2311.png,P2311.txt
P1354.png,P1354.txt
P1426.png,P1426.txt
P0738.png,P0738.txt
P1340.png,P1340.txt
P4210.png,P4210.txt
P0076.png,P0076.txt
P1368.png,P1368.txt
P2107.png,P2107.txt
P2674.png,P2674.txt
P0063.png,P0063.txt
P1369.png,P1369.txt
P2106.png,P2106.txt
P4577.png,P4577.txt
P0711.png,P0711.txt
P1427.png,P1427.txt
P1341.png,P1341.txt
P7730.png,P7730.txt
P7042.png,P7042.txt
P1433.png,P1433.txt
P10839.png,P10839.txt
P0922.png,P0922.txt
P1382.png,P1382.txt
P2476.png,P2476.txt
P2304.png,P2304.txt
P0275.png,P0275.txt
P5325.png,P5325.txt
P1631.png,P1631.txt
P10408.png,P10408.txt
P1816.png,P1816.txt
P4946.png,P4946.txt
P0315.png,P0315.txt
P4173.png,P4173.txt
P2264.png,P2264.txt
P1779.png,P1779.txt
P2270.png,P2270.txt
P2516.png,P2516.txt
P9443.png,P9443.txt
P0301.png,P0301.txt
P1037.png,P1037.txt
P7320.png,P7320.txt
P1989.png,P1989.txt
P2258.png,P2258.txt
P1745.png,P1745.txt
P1976.png,P1976.txt
P1962.png,P1962.txt
P2066.png,P2066.txt
P2700.png,P2700.txt
P1209.png,P1209.txt
P0103.png,P0103.txt
P0895.png,P0895.txt
P2728.png,P2728.txt
P1221.png,P1221.txt
P0881.png,P0881.txt
P0856.png,P0856.txt
P2099.png,P2099.txt
P0840.png,P0840.txt
P3391.png,P3391.txt
P0868.png,P0868.txt
P5051.png,P5051.txt
P0129.png,P0129.txt
P1551.png,P1551.txt
P2058.png,P2058.txt
P7134.png,P7134.txt
P0883.png,P0883.txt
P1545.png,P1545.txt
P1223.png,P1223.txt
P2702.png,P2702.txt
P2070.png,P2070.txt
P2716.png,P2716.txt
P1948.png,P1948.txt
P1790.png,P1790.txt
P7487.png,P7487.txt
P1784.png,P1784.txt
P1753.png,P1753.txt
P2528.png,P2528.txt
P1747.png,P1747.txt
P0459.png,P0459.txt
P0471.png,P0471.txt
P2266.png,P2266.txt
P0317.png,P0317.txt
P0303.png,P0303.txt
P2514.png,P2514.txt
P0465.png,P0465.txt
P1182.png,P1182.txt
P0288.png,P0288.txt
P4987.png,P4987.txt
P1141.png,P1141.txt
P1155.png,P1155.txt
P1633.png,P1633.txt
P0505.png,P0505.txt
P0263.png,P0263.txt
P2460.png,P2460.txt
P2306.png,P2306.txt
P7929.png,P7929.txt
P0920.png,P0920.txt
P10813.png,P10813.txt
P0934.png,P0934.txt
P1394.png,P1394.txt
P9086.png,P9086.txt
P0908.png,P0908.txt
P10191.png,P10191.txt
P1343.png,P1343.txt
P2138.png,P2138.txt
P1431.png,P1431.txt
P7040.png,P7040.txt
P0049.png,P0049.txt
P1357.png,P1357.txt
P0061.png,P0061.txt
P2676.png,P2676.txt
P2110.png,P2110.txt
P1419.png,P1419.txt
P0707.png,P0707.txt
P10634.png,P10634.txt
P0713.png,P0713.txt
P2662.png,P2662.txt
P0074.png,P0074.txt
P2663.png,P2663.txt
P1418.png,P1418.txt
P3555.png,P3555.txt
P0909.png,P0909.txt
P10184.png,P10184.txt
P1395.png,P1395.txt
P3596.png,P3596.txt
P0921.png,P0921.txt
P0276.png,P0276.txt
P1168.png,P1168.txt
P0510.png,P0510.txt
P2313.png,P2313.txt
P0504.png,P0504.txt
P2475.png,P2475.txt
P4992.png,P4992.txt
P1632.png,P1632.txt
P0538.png,P0538.txt
P1140.png,P1140.txt
P1801.png,P1801.txt
P0289.png,P0289.txt
P8819.png,P8819.txt
P0464.png,P0464.txt
P3179.png,P3179.txt
P2501.png,P2501.txt
P1020.png,P1020.txt
P2529.png,P2529.txt
P0458.png,P0458.txt
P1746.png,P1746.txt
P1785.png,P1785.txt
P1791.png,P1791.txt
P4400.png,P4400.txt
P2071.png,P2071.txt
P0666.png,P0666.txt
P0100.png,P0100.txt
P6571.png,P6571.txt
P2065.png,P2065.txt
P1222.png,P1222.txt
P1550.png,P1550.txt
P0896.png,P0896.txt
P7860.png,P7860.txt
P0869.png,P0869.txt
P0699.png,P0699.txt
P1587.png,P1587.txt
P0855.png,P0855.txt
P10792.png,P10792.txt
P5901.png,P5901.txt
P0879.png,P0879.txt
P1597.png,P1597.txt
P0851.png,P0851.txt
P0689.png,P0689.txt
P0845.png,P0845.txt
P2061.png,P2061.txt
P0676.png,P0676.txt
P9134.png,P9134.txt
P1554.png,P1554.txt
P0892.png,P0892.txt
P3425.png,P3425.txt
P1232.png,P1232.txt
P2049.png,P2049.txt
P1540.png,P1540.txt
P6978.png,P6978.txt
P1965.png,P1965.txt
P1795.png,P1795.txt
P2288.png,P2288.txt
P1959.png,P1959.txt
P7496.png,P7496.txt
P2505.png,P2505.txt
P4612.png,P4612.txt
P0460.png,P0460.txt
P1756.png,P1756.txt
P0448.png,P0448.txt
P9478.png,P9478.txt
P1805.png,P1805.txt
P0299.png,P0299.txt
P1187.png,P1187.txt
P1839.png,P1839.txt
P1193.png,P1193.txt
P4000.png,P4000.txt
P2471.png,P2471.txt
P6617.png,P6617.txt
P2303.png,P2303.txt
P0272.png,P0272.txt
P2465.png,P2465.txt
P1144.png,P1144.txt
P11063.png,P11063.txt
P1636.png,P1636.txt
P1150.png,P1150.txt
P7092.png,P7092.txt
P0925.png,P0925.txt
P9901.png,P9901.txt
P1391.png,P1391.txt
P2115.png,P2115.txt
P0702.png,P0702.txt
P0064.png,P0064.txt
P2673.png,P2673.txt
P0070.png,P0070.txt
P1408.png,P1408.txt
P0716.png,P0716.txt
P1420.png,P1420.txt
P0058.png,P0058.txt
P1352.png,P1352.txt
P1353.png,P1353.txt
P1421.png,P1421.txt
P0071.png,P0071.txt
P2100.png,P2100.txt
P4571.png,P4571.txt
P0703.png,P0703.txt
P2114.png,P2114.txt
P2672.png,P2672.txt
P0065.png,P0065.txt
P0918.png,P0918.txt
P2458.png,P2458.txt
P2302.png,P2302.txt
P2464.png,P2464.txt
P0273.png,P0273.txt
P2470.png,P2470.txt
P1186.png,P1186.txt
P1804.png,P1804.txt
P1743.png,P1743.txt
P2538.png,P2538.txt
P1757.png,P1757.txt
P0461.png,P0461.txt
P1019.png,P1019.txt
P0313.png,P0313.txt
P2262.png,P2262.txt
P4613.png,P4613.txt
P8029.png,P8029.txt
P0475.png,P0475.txt
P9337.png,P9337.txt
P1780.png,P1780.txt
P2289.png,P2289.txt
P1794.png,P1794.txt
P1964.png,P1964.txt
P0139.png,P0139.txt
P2048.png,P2048.txt
P5733.png,P5733.txt
P0893.png,P0893.txt
P1555.png,P1555.txt
P2712.png,P2712.txt
P2074.png,P2074.txt
P0677.png,P0677.txt
P2060.png,P2060.txt
P2706.png,P2706.txt
P0111.png,P0111.txt
P9860.png,P9860.txt
P10963.png,P10963.txt
P1582.png,P1582.txt
P0688.png,P0688.txt
P0850.png,P0850.txt
P0878.png,P0878.txt
P5916.png,P5916.txt
P1580.png,P1580.txt
P0846.png,P0846.txt
P3397.png,P3397.txt
P2089.png,P2089.txt
P9862.png,P9862.txt
P7697.png,P7697.txt
P3383.png,P3383.txt
P1594.png,P1594.txt
P2076.png,P2076.txt
P2710.png,P2710.txt
P9645.png,P9645.txt
P0113.png,P0113.txt
P2704.png,P2704.txt
P2062.png,P2062.txt
P0885.png,P0885.txt
P1231.png,P1231.txt
P0649.png,P0649.txt
P1966.png,P1966.txt
P1972.png,P1972.txt
P6953.png,P6953.txt
P0488.png,P0488.txt
P2512.png,P2512.txt
P10550.png,P10550.txt
P0477.png,P0477.txt
P2260.png,P2260.txt
P2506.png,P2506.txt
P3618.png,P3618.txt
P0339.png,P0339.txt
P1027.png,P1027.txt
P1741.png,P1741.txt
P8003.png,P8003.txt
P2248.png,P2248.txt
P7442.png,P7442.txt
P1812.png,P1812.txt
P2466.png,P2466.txt
P5309.png,P5309.txt
P0517.png,P0517.txt
P1609.png,P1609.txt
P0503.png,P0503.txt
P2472.png,P2472.txt
P8639.png,P8639.txt
P5335.png,P5335.txt
P2328.png,P2328.txt
P4759.png,P4759.txt
P8605.png,P8605.txt
P1392.png,P1392.txt
P0098.png,P0098.txt
P3591.png,P3591.txt
P0926.png,P0926.txt
P2664.png,P2664.txt
P0067.png,P0067.txt
P2670.png,P2670.txt
P2116.png,P2116.txt
P1437.png,P1437.txt
P1351.png,P1351.txt
P4229.png,P4229.txt
P1344.png,P1344.txt
P0728.png,P0728.txt
P3221.png,P3221.txt
P4228.png,P4228.txt
P2659.png,P2659.txt
P1350.png,P1350.txt
P4200.png,P4200.txt
P2671.png,P2671.txt
P0066.png,P0066.txt
P0700.png,P0700.txt
P2103.png,P2103.txt
P0714.png,P0714.txt
P2665.png,P2665.txt
P0099.png,P0099.txt
P1387.png,P1387.txt
P0933.png,P0933.txt
P1393.png,P1393.txt
P1620.png,P1620.txt
P0258.png,P0258.txt
P1152.png,P1152.txt
P1634.png,P1634.txt
P0264.png,P0264.txt
P2467.png,P2467.txt
P0270.png,P0270.txt
P1608.png,P1608.txt
P0516.png,P0516.txt
P4770.png,P4770.txt
P2301.png,P2301.txt
P1185.png,P1185.txt
P1191.png,P1191.txt
P1807.png,P1807.txt
P8016.png,P8016.txt
P5532.png,P5532.txt
P6749.png,P6749.txt
P1026.png,P1026.txt
P0338.png,P0338.txt
P2249.png,P2249.txt
P1998.png,P1998.txt
P1740.png,P1740.txt
P1768.png,P1768.txt
P0310.png,P0310.txt
P2507.png,P2507.txt
P2513.png,P2513.txt
P2275.png,P2275.txt
P0489.png,P0489.txt
P5297.png,P5297.txt
P1783.png,P1783.txt
P2739.png,P2739.txt
P0890.png,P0890.txt
P1556.png,P1556.txt
P0648.png,P0648.txt
P0884.png,P0884.txt
P1224.png,P1224.txt
P2705.png,P2705.txt
P4412.png,P4412.txt
P2063.png,P2063.txt
P2077.png,P2077.txt
P10747.png,P10747.txt
P0853.png,P0853.txt
P7197.png,P7197.txt
P3483.png,P3483.txt
P1243.png,P1243.txt
P0149.png,P0149.txt
P2038.png,P2038.txt
P1531.png,P1531.txt
P2010.png,P2010.txt
P0607.png,P0607.txt
P1519.png,P1519.txt
P10046.png,P10046.txt
P2004.png,P2004.txt
P1928.png,P1928.txt
P1096.png,P1096.txt
P0388.png,P0388.txt
P1900.png,P1900.txt
P9384.png,P9384.txt
P2548.png,P2548.txt
P1727.png,P1727.txt
P8065.png,P8065.txt
P0439.png,P0439.txt
P1055.png,P1055.txt
P0363.png,P0363.txt
P9421.png,P9421.txt
P9347.png,P9347.txt
P0405.png,P0405.txt
P2206.png,P2206.txt
P9353.png,P9353.txt
P10250.png,P10250.txt
P1069.png,P1069.txt
P2560.png,P2560.txt
P1848.png,P1848.txt
P1874.png,P1874.txt
P9582.png,P9582.txt
P1653.png,P1653.txt
P2428.png,P2428.txt
P1121.png,P1121.txt
P1109.png,P1109.txt
P0571.png,P0571.txt
P6100.png,P6100.txt
P0565.png,P0565.txt
P0203.png,P0203.txt
P1486.png,P1486.txt
P0940.png,P0940.txt
P1451.png,P1451.txt
P2158.png,P2158.txt
P0029.png,P0029.txt
P1337.png,P1337.txt
P8461.png,P8461.txt
P1445.png,P1445.txt
P2164.png,P2164.txt
P2616.png,P2616.txt
P0001.png,P0001.txt
P1479.png,P1479.txt
P0000.png,P0000.txt
P0766.png,P0766.txt
P1322.png,P1322.txt
P9018.png,P9018.txt
P1444.png,P1444.txt
P2159.png,P2159.txt
P4528.png,P4528.txt
P1450.png,P1450.txt
P1336.png,P1336.txt
P0941.png,P0941.txt
P1487.png,P1487.txt
P1493.png,P1493.txt
P2824.png,P2824.txt
P8138.png,P8138.txt
P2373.png,P2373.txt
P2415.png,P2415.txt
P0202.png,P0202.txt
P1108.png,P1108.txt
P2401.png,P2401.txt
P1646.png,P1646.txt
P1652.png,P1652.txt
P1861.png,P1861.txt
P1875.png,P1875.txt
P1685.png,P1685.txt
P7592.png,P7592.txt
P7586.png,P7586.txt
P1849.png,P1849.txt
P1691.png,P1691.txt
P2207.png,P2207.txt
P2561.png,P2561.txt
P0376.png,P0376.txt
P0362.png,P0362.txt
P2213.png,P2213.txt
P0404.png,P0404.txt
P1054.png,P1054.txt
P0438.png,P0438.txt
P1726.png,P1726.txt
P1915.png,P1915.txt
P1929.png,P1929.txt
P4851.png,P4851.txt
P0389.png,P0389.txt
P0174.png,P0174.txt
P2005.png,P2005.txt
P0612.png,P0612.txt
P2777.png,P2777.txt
P0160.png,P0160.txt
P2987.png,P2987.txt
P1256.png,P1256.txt
P2039.png,P2039.txt
P1524.png,P1524.txt
P0809.png,P0809.txt
P10084.png,P10084.txt
P1295.png,P1295.txt
P2944.png,P2944.txt
P0835.png,P0835.txt
P0821.png,P0821.txt
P2788.png,P2788.txt
P1281.png,P1281.txt
P5797.png,P5797.txt
P1297.png,P1297.txt
P0823.png,P0823.txt
P2991.png,P2991.txt
P4338.png,P4338.txt
P0638.png,P0638.txt
P6249.png,P6249.txt
P1526.png,P1526.txt
P0610.png,P0610.txt
P2007.png,P2007.txt
P2761.png,P2761.txt
P0176.png,P0176.txt
P0162.png,P0162.txt
P2775.png,P2775.txt
P2013.png,P2013.txt
P6922.png,P6922.txt
P1917.png,P1917.txt
P3899.png,P3899.txt
P1730.png,P1730.txt
P1724.png,P1724.txt
P2205.png,P2205.txt
P0406.png,P0406.txt
P2211.png,P2211.txt
P0360.png,P0360.txt
P7584.png,P7584.txt
P1863.png,P1863.txt
P8853.png,P8853.txt
P2359.png,P2359.txt
P11039.png,P11039.txt
P0200.png,P0200.txt
P2417.png,P2417.txt
P2371.png,P2371.txt
P7209.png,P7209.txt
P0572.png,P0572.txt
P10455.png,P10455.txt
P2403.png,P2403.txt
P2832.png,P2832.txt
P0957.png,P0957.txt
P8489.png,P8489.txt
P5620.png,P5620.txt
P1446.png,P1446.txt
P0980.png,P0980.txt
P2629.png,P2629.txt
P2173.png,P2173.txt
P2615.png,P2615.txt
P0002.png,P0002.txt
P1308.png,P1308.txt
P2601.png,P2601.txt
P6301.png,P6301.txt
P2600.png,P2600.txt
P1309.png,P1309.txt
P2614.png,P2614.txt
P0995.png,P0995.txt
P1453.png,P1453.txt
P0759.png,P0759.txt
P0981.png,P0981.txt
P3536.png,P3536.txt
P2628.png,P2628.txt
P1321.png,P1321.txt
P7750.png,P7750.txt
P5812.png,P5812.txt
P3287.png,P3287.txt
P2199.png,P2199.txt
P1484.png,P1484.txt
P2364.png,P2364.txt
P10454.png,P10454.txt
P0573.png,P0573.txt
P0215.png,P0215.txt
P2416.png,P2416.txt
P0201.png,P0201.txt
P9543.png,P9543.txt
P6116.png,P6116.txt
P0567.png,P0567.txt
P2370.png,P2370.txt
P3720.png,P3720.txt
P0229.png,P0229.txt
P1645.png,P1645.txt
P1876.png,P1876.txt
P9580.png,P9580.txt
P7585.png,P7585.txt
P5392.png,P5392.txt
P6857.png,P6857.txt
P1686.png,P1686.txt
P2210.png,P2210.txt
P0407.png,P0407.txt
P1719.png,P1719.txt
P0361.png,P0361.txt
P3668.png,P3668.txt
P2576.png,P2576.txt
P0413.png,P0413.txt
P2204.png,P2204.txt
P1725.png,P1725.txt
P1043.png,P1043.txt
P1057.png,P1057.txt
P0349.png,P0349.txt
P5231.png,P5231.txt
P1902.png,P1902.txt
P5580.png,P5580.txt
P1080.png,P1080.txt
P1094.png,P1094.txt
P0163.png,P0163.txt
P0605.png,P0605.txt
P2006.png,P2006.txt
P0611.png,P0611.txt
P1241.png,P1241.txt
P2748.png,P2748.txt
P1533.png,P1533.txt
P1255.png,P1255.txt
P0188.png,P0188.txt
P3481.png,P3481.txt
P1292.png,P1292.txt
P0832.png,P0832.txt
P0826.png,P0826.txt
P2764.png,P2764.txt
P2002.png,P2002.txt
P2016.png,P2016.txt
P0601.png,P0601.txt
P1279.png,P1279.txt
P0167.png,P0167.txt
P2770.png,P2770.txt
P1251.png,P1251.txt
P0629.png,P0629.txt
P1537.png,P1537.txt
P7152.png,P7152.txt
P1245.png,P1245.txt
P8507.png,P8507.txt
P1912.png,P1912.txt
P9396.png,P9396.txt
P1906.png,P1906.txt
P1084.png,P1084.txt
P10530.png,P10530.txt
P1709.png,P1709.txt
P0417.png,P0417.txt
P0371.png,P0371.txt
P2566.png,P2566.txt
P4117.png,P4117.txt
P2572.png,P2572.txt
P0365.png,P0365.txt
P1053.png,P1053.txt
P1047.png,P1047.txt
P6728.png,P6728.txt
P2228.png,P2228.txt
P1866.png,P1866.txt
P9590.png,P9590.txt
P1872.png,P1872.txt
P1682.png,P1682.txt
P6853.png,P6853.txt
P7581.png,P7581.txt
P1696.png,P1696.txt
P3081.png,P3081.txt
P0563.png,P0563.txt
P9547.png,P9547.txt
P1669.png,P1669.txt
P9235.png,P9235.txt
P1899.png,P1899.txt
P1641.png,P1641.txt
P5427.png,P5427.txt
P2348.png,P2348.txt
P5816.png,P5816.txt
P0946.png,P0946.txt
P1480.png,P1480.txt
P2189.png,P2189.txt
P0952.png,P0952.txt
P4261.png,P4261.txt
P1319.png,P1319.txt
P6476.png,P6476.txt
P4513.png,P4513.txt
P2162.png,P2162.txt
P0775.png,P0775.txt
P8329.png,P8329.txt
P0013.png,P0013.txt
P9751.png,P9751.txt
P2604.png,P2604.txt
P4275.png,P4275.txt
P1325.png,P1325.txt
P1443.png,P1443.txt
P0991.png,P0991.txt
P1457.png,P1457.txt
P2638.png,P2638.txt
P2639.png,P2639.txt
P5156.png,P5156.txt
P2163.png,P2163.txt
P2605.png,P2605.txt
P9750.png,P9750.txt
P0012.png,P0012.txt
P2611.png,P2611.txt
P2177.png,P2177.txt
P0760.png,P0760.txt
P1495.png,P1495.txt
P5195.png,P5195.txt
P1481.png,P1481.txt
P0947.png,P0947.txt
P1132.png,P1132.txt
P2349.png,P2349.txt
P1640.png,P1640.txt
P0238.png,P0238.txt
P0210.png,P0210.txt
P4076.png,P4076.txt
P10451.png,P10451.txt
P0562.png,P0562.txt
P0204.png,P0204.txt
P4937.png,P4937.txt
P1697.png,P1697.txt
P1683.png,P1683.txt
P1867.png,P1867.txt
P1046.png,P1046.txt
P0358.png,P0358.txt
P1052.png,P1052.txt
P0364.png,P0364.txt
P0416.png,P0416.txt
P1708.png,P1708.txt
P10531.png,P10531.txt
P2201.png,P2201.txt
P0370.png,P0370.txt
P6932.png,P6932.txt
P1907.png,P1907.txt
P8089.png,P8089.txt
P1913.png,P1913.txt
P1522.png,P1522.txt
P2759.png,P2759.txt
P1250.png,P1250.txt
P2017.png,P2017.txt
P0172.png,P0172.txt
P0614.png,P0614.txt
P0827.png,P0827.txt
P1287.png,P1287.txt
P0819.png,P0819.txt
P2954.png,P2954.txt
P0825.png,P0825.txt
P0831.png,P0831.txt
P1291.png,P1291.txt
P0164.png,P0164.txt
P4464.png,P4464.txt
P0602.png,P0602.txt
P2001.png,P2001.txt
P4470.png,P4470.txt
P0158.png,P0158.txt
P2029.png,P2029.txt
P8276.png,P8276.txt
P1534.png,P1534.txt
P5034.png,P5034.txt
P1939.png,P1939.txt
P1087.png,P1087.txt
P5593.png,P5593.txt
P0400.png,P0400.txt
P2217.png,P2217.txt
P0366.png,P0366.txt
P1078.png,P1078.txt
P2565.png,P2565.txt
P2203.png,P2203.txt
P1736.png,P1736.txt
P0428.png,P0428.txt
P1871.png,P1871.txt
P3900.png,P3900.txt
P2388.png,P2388.txt
P1859.png,P1859.txt
P0212.png,P0212.txt
P1118.png,P1118.txt
P2411.png,P2411.txt
P2377.png,P2377.txt
P0548.png,P0548.txt
P1656.png,P1656.txt
P1130.png,P1130.txt
P5801.png,P5801.txt
P0979.png,P0979.txt
P0951.png,P0951.txt
P1497.png,P1497.txt
P0010.png,P0010.txt
P9752.png,P9752.txt
P6307.png,P6307.txt
P10889.png,P10889.txt
P0762.png,P0762.txt
P2175.png,P2175.txt
P2613.png,P2613.txt
P5154.png,P5154.txt
P2149.png,P2149.txt
P0986.png,P0986.txt
P0038.png,P0038.txt
P0987.png,P0987.txt
P2148.png,P2148.txt
P0039.png,P0039.txt
P1333.png,P1333.txt
P1455.png,P1455.txt
P0993.png,P0993.txt
P10122.png,P10122.txt
P0005.png,P0005.txt
P2612.png,P2612.txt
P2606.png,P2606.txt
P6460.png,P6460.txt
P0011.png,P0011.txt
P0777.png,P0777.txt
P1469.png,P1469.txt
P2160.png,P2160.txt
P1482.png,P1482.txt
P0944.png,P0944.txt
P0950.png,P0950.txt
P0978.png,P0978.txt
P2809.png,P2809.txt
P3732.png,P3732.txt
P0549.png,P0549.txt
P2438.png,P2438.txt
P4049.png,P4049.txt
P1131.png,P1131.txt
P10308.png,P10308.txt
P0207.png,P0207.txt
P1119.png,P1119.txt
P3068.png,P3068.txt
P2362.png,P2362.txt
P6689.png,P6689.txt
P1680.png,P1680.txt
P2389.png,P2389.txt
P1864.png,P1864.txt
P10485.png,P10485.txt
P2558.png,P2558.txt
P0373.png,P0373.txt
P0415.png,P0415.txt
P3108.png,P3108.txt
P0401.png,P0401.txt
P1079.png,P1079.txt
P0367.png,P0367.txt
P1092.png,P1092.txt
P4840.png,P4840.txt
P1938.png,P1938.txt
P3691.png,P3691.txt
P1910.png,P1910.txt
P1535.png,P1535.txt
P8277.png,P8277.txt
P0159.png,P0159.txt
P1247.png,P1247.txt
P2028.png,P2028.txt
P1521.png,P1521.txt
P1509.png,P1509.txt
P0617.png,P0617.txt
P0171.png,P0171.txt
P4303.png,P4303.txt
P0603.png,P0603.txt
P2014.png,P2014.txt
P0818.png,P0818.txt
P6294.png,P6294.txt
P0183.png,P0183.txt
P0829.png,P0829.txt
P5951.png,P5951.txt
P1276.png,P1276.txt
P2019.png,P2019.txt
P0626.png,P0626.txt
P9164.png,P9164.txt
P0140.png,P0140.txt
P6525.png,P6525.txt
P2743.png,P2743.txt
P0632.png,P0632.txt
P1909.png,P1909.txt
P0381.png,P0381.txt
P1935.png,P1935.txt
P0395.png,P0395.txt
P2569.png,P2569.txt
P10259.png,P10259.txt
P1060.png,P1060.txt
P8044.png,P8044.txt
P0418.png,P0418.txt
P8736.png,P8736.txt
P0424.png,P0424.txt
P0430.png,P0430.txt
P2227.png,P2227.txt
P1869.png,P1869.txt
P0593.png,P0593.txt
P2390.png,P2390.txt
P0587.png,P0587.txt
P1841.png,P1841.txt
P8865.png,P8865.txt
P1114.png,P1114.txt
P9548.png,P9548.txt
P3065.png,P3065.txt
P0578.png,P0578.txt
P10339.png,P10339.txt
P2409.png,P2409.txt
P0236.png,P0236.txt
P2421.png,P2421.txt
P1896.png,P1896.txt
P0544.png,P0544.txt
P2435.png,P2435.txt
P0222.png,P0222.txt
P0975.png,P0975.txt
P2804.png,P2804.txt
P5819.png,P5819.txt
P0785.png,P0785.txt
P2192.png,P2192.txt
P2179.png,P2179.txt
P1470.png,P1470.txt
P0008.png,P0008.txt
P6479.png,P6479.txt
P5164.png,P5164.txt
P1464.png,P1464.txt
P2145.png,P2145.txt
P0020.png,P0020.txt
P2637.png,P2637.txt
P2151.png,P2151.txt
P1458.png,P1458.txt
P0746.png,P0746.txt
P0021.png,P0021.txt
P1459.png,P1459.txt
P2144.png,P2144.txt
P0753.png,P0753.txt
P2622.png,P2622.txt
P1465.png,P1465.txt
P1317.png,P1317.txt
P0948.png,P0948.txt
P0790.png,P0790.txt
P0960.png,P0960.txt
P2805.png,P2805.txt
P2352.png,P2352.txt
P10462.png,P10462.txt
P0223.png,P0223.txt
P2346.png,P2346.txt
P5401.png,P5401.txt
P4079.png,P4079.txt
P11026.png,P11026.txt
P11032.png,P11032.txt
P1673.png,P1673.txt
P0586.png,P0586.txt
P1698.png,P1698.txt
P3919.png,P3919.txt
P1868.png,P1868.txt
P2226.png,P2226.txt
P0431.png,P0431.txt
P1049.png,P1049.txt
P0357.png,P0357.txt
P2554.png,P2554.txt
P0343.png,P0343.txt
P0425.png,P0425.txt
P8079.png,P8079.txt
P2232.png,P2232.txt
P1061.png,P1061.txt
P0419.png,P0419.txt
P7376.png,P7376.txt
P1707.png,P1707.txt
P1934.png,P1934.txt
P0380.png,P0380.txt
P2597.png,P2597.txt
P1908.png,P1908.txt
P2742.png,P2742.txt
P9171.png,P9171.txt
P5987.png,P5987.txt
P2030.png,P2030.txt
P1539.png,P1539.txt
P0627.png,P0627.txt
P0141.png,P0141.txt
P2756.png,P2756.txt
P0169.png,P0169.txt
P1277.png,P1277.txt
P3460.png,P3460.txt
P2018.png,P2018.txt
P1505.png,P1505.txt
P3474.png,P3474.txt
P1288.png,P1288.txt
P7821.png,P7821.txt
P0828.png,P0828.txt
P6281.png,P6281.txt
P0800.png,P0800.txt
P2783.png,P2783.txt
P2797.png,P2797.txt
P6297.png,P6297.txt
P0619.png,P0619.txt
P1507.png,P1507.txt
P2026.png,P2026.txt
P0631.png,P0631.txt
P1249.png,P1249.txt
P2740.png,P2740.txt
P0625.png,P0625.txt
P2032.png,P2032.txt
P8090.png,P8090.txt
P1077.png,P1077.txt
P1705.png,P1705.txt
P8047.png,P8047.txt
P1063.png,P1063.txt
P0355.png,P0355.txt
P2224.png,P2224.txt
P1739.png,P1739.txt
P9365.png,P9365.txt
P3933.png,P3933.txt
P1842.png,P1842.txt
P1856.png,P1856.txt
P2387.png,P2387.txt
P5365.png,P5365.txt
P8127.png,P8127.txt
P1117.png,P1117.txt
P0209.png,P0209.txt
P2436.png,P2436.txt
P11018.png,P11018.txt
P0221.png,P0221.txt
P1881.png,P1881.txt
P1659.png,P1659.txt
P2344.png,P2344.txt
P0553.png,P0553.txt
P1895.png,P1895.txt
P0235.png,P0235.txt
P2422.png,P2422.txt
P0786.png,P0786.txt
P1498.png,P1498.txt
P2191.png,P2191.txt
P2185.png,P2185.txt
P0792.png,P0792.txt
P1467.png,P1467.txt
P0779.png,P0779.txt
P0745.png,P0745.txt
P0023.png,P0023.txt
P2634.png,P2634.txt
P1329.png,P1329.txt
P1328.png,P1328.txt
P0036.png,P0036.txt
P2621.png,P2621.txt
P0750.png,P0750.txt
P0744.png,P0744.txt
P0022.png,P0022.txt
P0778.png,P0778.txt
P1466.png,P1466.txt
P1300.png,P1300.txt
P2609.png,P2609.txt
P6484.png,P6484.txt
P5833.png,P5833.txt
P2184.png,P2184.txt
P2190.png,P2190.txt
P1499.png,P1499.txt
P0963.png,P0963.txt
P1894.png,P1894.txt
P2423.png,P2423.txt
P9576.png,P9576.txt
P0220.png,P0220.txt
P9562.png,P9562.txt
P2437.png,P2437.txt
P4720.png,P4720.txt
P1658.png,P1658.txt
P0546.png,P0546.txt
P2379.png,P2379.txt
P1670.png,P1670.txt
P8654.png,P8654.txt
P1116.png,P1116.txt
P3701.png,P3701.txt
P8126.png,P8126.txt
P0591.png,P0591.txt
P1843.png,P1843.txt
P2392.png,P2392.txt
P0426.png,P0426.txt
P2557.png,P2557.txt
P0340.png,P0340.txt
P2543.png,P2543.txt
P2225.png,P2225.txt
P1704.png,P1704.txt
P1062.png,P1062.txt
P1076.png,P1076.txt
P2219.png,P2219.txt
P1923.png,P1923.txt
P0383.png,P0383.txt
P2594.png,P2594.txt
P1089.png,P1089.txt
P0142.png,P0142.txt
P2755.png,P2755.txt
P2033.png,P2033.txt
P0624.png,P0624.txt
P0630.png,P0630.txt
P2741.png,P2741.txt
P4330.png,P4330.txt
P2769.png,P2769.txt
P1260.png,P1260.txt
P8244.png,P8244.txt
P0618.png,P0618.txt
P5760.png,P5760.txt
P3305.png,P3305.txt
P1274.png,P1274.txt
P0803.png,P0803.txt
P0817.png,P0817.txt
P2792.png,P2792.txt
P0152.png,P0152.txt
P0634.png,P0634.txt
P0620.png,P0620.txt
P2751.png,P2751.txt
P1258.png,P1258.txt
P5770.png,P5770.txt
P1502.png,P1502.txt
P1933.png,P1933.txt
P0393.png,P0393.txt
P2584.png,P2584.txt
P2590.png,P2590.txt
P0387.png,P0387.txt
P1927.png,P1927.txt
P0436.png,P0436.txt
P2221.png,P2221.txt
P4136.png,P4136.txt
P0350.png,P0350.txt
P0344.png,P0344.txt
P2553.png,P2553.txt
P2235.png,P2235.txt
P0422.png,P0422.txt
P9348.png,P9348.txt
P1714.png,P1714.txt
P0378.png,P0378.txt
P7371.png,P7371.txt
P2396.png,P2396.txt
P0581.png,P0581.txt
P7588.png,P7588.txt
P0595.png,P0595.txt
P2382.png,P2382.txt
P0542.png,P0542.txt
P2355.png,P2355.txt
P4724.png,P4724.txt
P2433.png,P2433.txt
P0224.png,P0224.txt
P2427.png,P2427.txt
P0556.png,P0556.txt
P1660.png,P1660.txt
P0218.png,P0218.txt
P1674.png,P1674.txt
P6494.png,P6494.txt
P0783.png,P0783.txt
P2180.png,P2180.txt
P1489.png,P1489.txt
P0967.png,P0967.txt
P0973.png,P0973.txt
P8491.png,P8491.txt
P1338.png,P1338.txt
P2631.png,P2631.txt
P2157.png,P2157.txt
P0754.png,P0754.txt
P2143.png,P2143.txt
P0032.png,P0032.txt
P9770.png,P9770.txt
P9980.png,P9980.txt
P1462.png,P1462.txt
P0768.png,P0768.txt
P0769.png,P0769.txt
P2618.png,P2618.txt
P1311.png,P1311.txt
P8453.png,P8453.txt
P1305.png,P1305.txt
P5163.png,P5163.txt
P2142.png,P2142.txt
P0755.png,P0755.txt
P1339.png,P1339.txt
P6330.png,P6330.txt
P0999.png,P0999.txt
P2156.png,P2156.txt
P0972.png,P0972.txt
P8490.png,P8490.txt
P0966.png,P0966.txt
P0782.png,P0782.txt
P1113.png,P1113.txt
P1675.png,P1675.txt
P1661.png,P1661.txt
P2368.png,P2368.txt
P0219.png,P0219.txt
P1107.png,P1107.txt
P2426.png,P2426.txt
P3738.png,P3738.txt
P9215.png,P9215.txt
P1649.png,P1649.txt
P1891.png,P1891.txt
P2354.png,P2354.txt
P0225.png,P0225.txt
P2432.png,P2432.txt
P8876.png,P8876.txt
P0580.png,P0580.txt
P1846.png,P1846.txt
P2397.png,P2397.txt
P1067.png,P1067.txt
P0379.png,P0379.txt
P1073.png,P1073.txt
P7402.png,P7402.txt
P2552.png,P2552.txt
P6734.png,P6734.txt
P0345.png,P0345.txt
P2234.png,P2234.txt
P0437.png,P0437.txt
P0386.png,P0386.txt
P1098.png,P1098.txt
P2591.png,P2591.txt
P1926.png,P1926.txt
P1932.png,P1932.txt
P2585.png,P2585.txt
P0392.png,P0392.txt
P1265.png,P1265.txt
P7600.png,P7600.txt
P4309.png,P4309.txt
P1517.png,P1517.txt
P0609.png,P0609.txt
P2036.png,P2036.txt
P0147.png,P0147.txt
P1259.png,P1259.txt
P9605.png,P9605.txt
P2750.png,P2750.txt
P2022.png,P2022.txt
P0806.png,P0806.txt
P2793.png,P2793.txt
P0190.png,P0190.txt
P2787.png,P2787.txt
P10909.png,P10909.txt
P1298.png,P1298.txt
P0804.png,P0804.txt
P0810.png,P0810.txt
P2961.png,P2961.txt
P6534.png,P6534.txt
P2034.png,P2034.txt
P2020.png,P2020.txt
P4451.png,P4451.txt
P7158.png,P7158.txt
P0637.png,P0637.txt
P0151.png,P0151.txt
P4337.png,P4337.txt
P2746.png,P2746.txt
P1267.png,P1267.txt
P1501.png,P1501.txt
P1515.png,P1515.txt
P3464.png,P3464.txt
P0384.png,P0384.txt
P1930.png,P1930.txt
P6087.png,P6087.txt
P1918.png,P1918.txt
P0421.png,P0421.txt
P1059.png,P1059.txt
P2550.png,P2550.txt
P6722.png,P6722.txt
P0435.png,P0435.txt
P2222.png,P2222.txt
P1703.png,P1703.txt
P5565.png,P5565.txt
P5203.png,P5203.txt
P1071.png,P1071.txt
P2578.png,P2578.txt
P1717.png,P1717.txt
P1688.png,P1688.txt
P1850.png,P1850.txt
P0596.png,P0596.txt
P2381.png,P2381.txt
P2395.png,P2395.txt
P0582.png,P0582.txt
P4914.png,P4914.txt
P6871.png,P6871.txt
P1893.png,P1893.txt
P0555.png,P0555.txt
P10472.png,P10472.txt
P6642.png,P6642.txt
P0233.png,P0233.txt
P2430.png,P2430.txt
P1139.png,P1139.txt
P0227.png,P0227.txt
P1887.png,P1887.txt
P0541.png,P0541.txt
P10466.png,P10466.txt
P2356.png,P2356.txt
P0569.png,P0569.txt
P2418.png,P2418.txt
P1105.png,P1105.txt
P7945.png,P7945.txt
P0794.png,P0794.txt
P0780.png,P0780.txt
P2801.png,P2801.txt
P7979.png,P7979.txt
P2626.png,P2626.txt
P1449.png,P1449.txt
P0757.png,P0757.txt
P2154.png,P2154.txt
P6332.png,P6332.txt
P0743.png,P0743.txt
P0025.png,P0025.txt
P2632.png,P2632.txt
P1475.png,P1475.txt
P9983.png,P9983.txt
P1307.png,P1307.txt
P1460.png,P1460.txt
P1306.png,P1306.txt
P0018.png,P0018.txt
P8444.png,P8444.txt
P7763.png,P7763.txt
P8336.png,P8336.txt
P0030.png,P0030.txt
P2627.png,P2627.txt
P2141.png,P2141.txt
P2800.png,P2800.txt
P2196.png,P2196.txt
P0781.png,P0781.txt
P2182.png,P2182.txt
P1662.png,P1662.txt
P1676.png,P1676.txt
P0568.png,P0568.txt
P1110.png,P1110.txt
P2419.png,P2419.txt
P0226.png,P0226.txt
P6657.png,P6657.txt
P10467.png,P10467.txt
P0554.png,P0554.txt
P1892.png,P1892.txt
P2343.png,P2343.txt
P0232.png,P0232.txt
P1879.png,P1879.txt
P1845.png,P1845.txt
P2380.png,P2380.txt
P0597.png,P0597.txt
P1851.png,P1851.txt
P1689.png,P1689.txt
P2579.png,P2579.txt
P1070.png,P1070.txt
P1702.png,P1702.txt
P6723.png,P6723.txt
P2545.png,P2545.txt
P0434.png,P0434.txt
P2237.png,P2237.txt
P2551.png,P2551.txt
P0346.png,P0346.txt
P7429.png,P7429.txt
P6910.png,P6910.txt
P0391.png,P0391.txt
P6086.png,P6086.txt
P1931.png,P1931.txt
P1514.png,P1514.txt
P1272.png,P1272.txt
P5000.png,P5000.txt
P8524.png,P8524.txt
P0178.png,P0178.txt
P2747.png,P2747.txt
P0144.png,P0144.txt
P10063.png,P10063.txt
P2753.png,P2753.txt
P9821.png,P9821.txt
P0805.png,P0805.txt
P4493.png,P4493.txt
P7824.png,P7824.txt
P9809.png,P9809.txt
P2790.png,P2790.txt
P1299.png,P1299.txt
P0187.png,P0187.txt
P2091.png,P2091.txt
P0692.png,P0692.txt
P7843.png,P7843.txt
P2708.png,P2708.txt
P1201.png,P1201.txt
P6552.png,P6552.txt
P2734.png,P2734.txt
P2052.png,P2052.txt
P6220.png,P6220.txt
P2720.png,P2720.txt
P1942.png,P1942.txt
P0484.png,P0484.txt
P6787.png,P6787.txt
P2287.png,P2287.txt
P1765.png,P1765.txt
P1003.png,P1003.txt
P7466.png,P7466.txt
P2278.png,P2278.txt
P1981.png,P1981.txt
P2250.png,P2250.txt
P2536.png,P2536.txt
P0321.png,P0321.txt
P0335.png,P0335.txt
P2522.png,P2522.txt
P2244.png,P2244.txt
P10574.png,P10574.txt
P0453.png,P0453.txt
P0296.png,P0296.txt
P2495.png,P2495.txt
P0282.png,P0282.txt
P1822.png,P1822.txt
P9259.png,P9259.txt
P0533.png,P0533.txt
P2324.png,P2324.txt
P2442.png,P2442.txt
P9517.png,P9517.txt
P0255.png,P0255.txt
P0241.png,P0241.txt
P3990.png,P3990.txt
P2456.png,P2456.txt
P0527.png,P0527.txt
P1639.png,P1639.txt
P0094.png,P0094.txt
P7089.png,P7089.txt
P7704.png,P7704.txt
P1375.png,P1375.txt
P1413.png,P1413.txt
P0719.png,P0719.txt
P1361.png,P1361.txt
P2668.png,P2668.txt
P2898.png,P2898.txt
P0731.png,P0731.txt
P2132.png,P2132.txt
P9701.png,P9701.txt
P2133.png,P2133.txt
P0724.png,P0724.txt
P0042.png,P0042.txt
P2655.png,P2655.txt
P4230.png,P4230.txt
P2641.png,P2641.txt
P0730.png,P0730.txt
P9072.png,P9072.txt
P2127.png,P2127.txt
P5106.png,P5106.txt
P2669.png,P2669.txt
P1360.png,P1360.txt
P1374.png,P1374.txt
P1412.png,P1412.txt
P2696.png,P2696.txt
P0095.png,P0095.txt
P2682.png,P2682.txt
P2457.png,P2457.txt
P1638.png,P1638.txt
P4998.png,P4998.txt
P0254.png,P0254.txt
P2319.png,P2319.txt
P0283.png,P0283.txt
P2494.png,P2494.txt
P1823.png,P1823.txt
P1837.png,P1837.txt
P10398.png,P10398.txt
P2523.png,P2523.txt
P0334.png,P0334.txt
P0452.png,P0452.txt
P1994.png,P1994.txt
P2245.png,P2245.txt
P4634.png,P4634.txt
P2251.png,P2251.txt
P0446.png,P0446.txt
P1980.png,P1980.txt
P1758.png,P1758.txt
P1016.png,P1016.txt
P0308.png,P0308.txt
P2279.png,P2279.txt
P10549.png,P10549.txt
P5502.png,P5502.txt
P8967.png,P8967.txt
P6962.png,P6962.txt
P2047.png,P2047.txt
P0888.png,P0888.txt
P0136.png,P0136.txt
P7659.png,P7659.txt
P6547.png,P6547.txt
P10011.png,P10011.txt
P1228.png,P1228.txt
P4350.png,P4350.txt
P2735.png,P2735.txt
P0122.png,P0122.txt
P2053.png,P2053.txt
P1214.png,P1214.txt
P1200.png,P1200.txt
P0693.png,P0693.txt
P2090.png,P2090.txt
P0687.png,P0687.txt
P1599.png,P1599.txt
P9847.png,P9847.txt
P0875.png,P0875.txt
P0861.png,P0861.txt
P8583.png,P8583.txt
P2086.png,P2086.txt
P0849.png,P0849.txt
P0691.png,P0691.txt
P0685.png,P0685.txt
P1216.png,P1216.txt
P2079.png,P2079.txt
P5702.png,P5702.txt
P0652.png,P0652.txt
P2045.png,P2045.txt
P0646.png,P0646.txt
P1558.png,P1558.txt
P7897.png,P7897.txt
P1969.png,P1969.txt
P8959.png,P8959.txt
P1955.png,P1955.txt
P0493.png,P0493.txt
P0487.png,P0487.txt
P1799.png,P1799.txt
P2509.png,P2509.txt
P0478.png,P0478.txt
P2247.png,P2247.txt
P1996.png,P1996.txt
P0450.png,P0450.txt
P0322.png,P0322.txt
P2253.png,P2253.txt
P8839.png,P8839.txt
P2496.png,P2496.txt
P0281.png,P0281.txt
P2482.png,P2482.txt
P1606.png,P1606.txt
P2469.png,P2469.txt
P1174.png,P1174.txt
P3993.png,P3993.txt
P1148.png,P1148.txt
P0256.png,P0256.txt
P2327.png,P2327.txt
P0915.png,P0915.txt
P0083.png,P0083.txt
P6380.png,P6380.txt
P2680.png,P2680.txt
P1389.png,P1389.txt
P5110.png,P5110.txt
P0068.png,P0068.txt
P2657.png,P2657.txt
P1438.png,P1438.txt
P0726.png,P0726.txt
P2131.png,P2131.txt
P2125.png,P2125.txt
P0732.png,P0732.txt
P0054.png,P0054.txt
P4232.png,P4232.txt
P0733.png,P0733.txt
P2642.png,P2642.txt
P0041.png,P0041.txt
P2656.png,P2656.txt
P2130.png,P2130.txt
P0727.png,P0727.txt
P10600.png,P10600.txt
P1439.png,P1439.txt
P2118.png,P2118.txt
P10628.png,P10628.txt
P0928.png,P0928.txt
P0096.png,P0096.txt
P1388.png,P1388.txt
P7921.png,P7921.txt
P2681.png,P2681.txt
P0082.png,P0082.txt
P0914.png,P0914.txt
P0900.png,P0900.txt
P2326.png,P2326.txt
P0531.png,P0531.txt
P8179.png,P8179.txt
P4743.png,P4743.txt
P2332.png,P2332.txt
P2454.png,P2454.txt
P11052.png,P11052.txt
P9529.png,P9529.txt
P1607.png,P1607.txt
P7276.png,P7276.txt
P1161.png,P1161.txt
P2468.png,P2468.txt
P2483.png,P2483.txt
P0294.png,P0294.txt
P0280.png,P0280.txt
P2497.png,P2497.txt
P1808.png,P1808.txt
P2534.png,P2534.txt
P0445.png,P0445.txt
P1997.png,P1997.txt
P2520.png,P2520.txt
P0337.png,P0337.txt
P0479.png,P0479.txt
P1773.png,P1773.txt
P1015.png,P1015.txt
P1954.png,P1954.txt
P3825.png,P3825.txt
P6550.png,P6550.txt
P0653.png,P0653.txt
P1565.png,P1565.txt
P10984.png,P10984.txt
P5071.png,P5071.txt
P0109.png,P0109.txt
P1217.png,P1217.txt
P1571.png,P1571.txt
P10990.png,P10990.txt
P0848.png,P0848.txt
P2087.png,P2087.txt
P3399.png,P3399.txt
P0860.png,P0860.txt
P0874.png,P0874.txt
P5934.png,P5934.txt
P0870.png,P0870.txt
P10943.png,P10943.txt
P2732.png,P2732.txt
P2054.png,P2054.txt
P1207.png,P1207.txt
P0119.png,P0119.txt
P1788.png,P1788.txt
P2281.png,P2281.txt
P0482.png,P0482.txt
P10214.png,P10214.txt
P10572.png,P10572.txt
P0455.png,P0455.txt
P0441.png,P0441.txt
P1987.png,P1987.txt
P0327.png,P0327.txt
P2518.png,P2518.txt
P0469.png,P0469.txt
P7306.png,P7306.txt
P5505.png,P5505.txt
P1818.png,P1818.txt
P1159.png,P1159.txt
P0521.png,P0521.txt
P0535.png,P0535.txt
P2444.png,P2444.txt
P3982.png,P3982.txt
P1165.png,P1165.txt
P3014.png,P3014.txt
P1617.png,P1617.txt
P6178.png,P6178.txt
P1171.png,P1171.txt
P4009.png,P4009.txt
P0938.png,P0938.txt
P7931.png,P7931.txt
P2691.png,P2691.txt
P2685.png,P2685.txt
P2875.png,P2875.txt
P0723.png,P0723.txt
P2134.png,P2134.txt
P6420.png,P6420.txt
P2646.png,P2646.txt
P9075.png,P9075.txt
P0737.png,P0737.txt
P1401.png,P1401.txt
P1414.png,P1414.txt
P10639.png,P10639.txt
P2109.png,P2109.txt
P1366.png,P1366.txt
P0078.png,P0078.txt
P0050.png,P0050.txt
P1428.png,P1428.txt
P0722.png,P0722.txt
P0044.png,P0044.txt
P2653.png,P2653.txt
P0911.png,P0911.txt
P5869.png,P5869.txt
P0905.png,P0905.txt
P0093.png,P0093.txt
P2690.png,P2690.txt
P0087.png,P0087.txt
P1399.png,P1399.txt
P1616.png,P1616.txt
P2479.png,P2479.txt
P1170.png,P1170.txt
P1164.png,P1164.txt
P1602.png,P1602.txt
P8168.png,P8168.txt
P0252.png,P0252.txt
P1158.png,P1158.txt
P6637.png,P6637.txt
P10361.png,P10361.txt
P0520.png,P0520.txt
P4746.png,P4746.txt
P0285.png,P0285.txt
P2492.png,P2492.txt
P1010.png,P1010.txt
P2519.png,P2519.txt
P0468.png,P0468.txt
P1776.png,P1776.txt
P2257.png,P2257.txt
P1986.png,P1986.txt
P0440.png,P0440.txt
P2531.png,P2531.txt
P0332.png,P0332.txt
P2243.png,P2243.txt
P1945.png,P1945.txt
P0483.png,P0483.txt
P2280.png,P2280.txt
P1789.png,P1789.txt
P1951.png,P1951.txt
P1574.png,P1574.txt
P8236.png,P8236.txt
P0124.png,P0124.txt
P10003.png,P10003.txt
P0642.png,P0642.txt
P2055.png,P2055.txt
P0656.png,P0656.txt
P2727.png,P2727.txt
P8587.png,P8587.txt
P5909.png,P5909.txt
P0871.png,P0871.txt
P8593.png,P8593.txt
P0695.png,P0695.txt
P4383.png,P4383.txt
P2080.png,P2080.txt
P1589.png,P1589.txt
P0697.png,P0697.txt
P10798.png,P10798.txt
P0867.png,P0867.txt
P0873.png,P0873.txt
P2057.png,P2057.txt
P0898.png,P0898.txt
P1238.png,P1238.txt
P0126.png,P0126.txt
P2731.png,P2731.txt
P2725.png,P2725.txt
P7885.png,P7885.txt
P10773.png,P10773.txt
P1562.png,P1562.txt
P2719.png,P2719.txt
P0668.png,P0668.txt
P0481.png,P0481.txt
P1947.png,P1947.txt
P0495.png,P0495.txt
P2282.png,P2282.txt
P4803.png,P4803.txt
P2533.png,P2533.txt
P0324.png,P0324.txt
P10203.png,P10203.txt
P6033.png,P6033.txt
P0442.png,P0442.txt
P1984.png,P1984.txt
P9314.png,P9314.txt
P1748.png,P1748.txt
P1990.png,P1990.txt
P0330.png,P0330.txt
P2527.png,P2527.txt
P1006.png,P1006.txt
P2269.png,P2269.txt
P7311.png,P7311.txt
P8036.png,P8036.txt
P5512.png,P5512.txt
P8750.png,P8750.txt
P1012.png,P1012.txt
P0293.png,P0293.txt
P1833.png,P1833.txt
P1827.png,P1827.txt
P2490.png,P2490.txt
P1199.png,P1199.txt
P4036.png,P4036.txt
P10377.png,P10377.txt
P0250.png,P0250.txt
P2321.png,P2321.txt
P2335.png,P2335.txt
P4744.png,P4744.txt
P0522.png,P0522.txt
P0244.png,P0244.txt
P2453.png,P2453.txt
P5472.png,P5472.txt
P1614.png,P1614.txt
P1600.png,P1600.txt
P2309.png,P2309.txt
P5300.png,P5300.txt
P1166.png,P1166.txt
P10808.png,P10808.txt
P2686.png,P2686.txt
P0091.png,P0091.txt
P0085.png,P0085.txt
P2692.png,P2692.txt
P0913.png,P0913.txt
P0907.png,P0907.txt
P2123.png,P2123.txt
P0734.png,P0734.txt
P0052.png,P0052.txt
P2651.png,P2651.txt
P1358.png,P1358.txt
P1416.png,P1416.txt
P1364.png,P1364.txt
P5102.png,P5102.txt
P1365.png,P1365.txt
P7072.png,P7072.txt
P1403.png,P1403.txt
P1359.png,P1359.txt
P2650.png,P2650.txt
P9063.png,P9063.txt
P2122.png,P2122.txt
P2644.png,P2644.txt
P6422.png,P6422.txt
P0906.png,P0906.txt
P2693.png,P2693.txt
P2687.png,P2687.txt
P8143.png,P8143.txt
P8625.png,P8625.txt
P1167.png,P1167.txt
P5301.png,P5301.txt
P3764.png,P3764.txt
P11054.png,P11054.txt
P1173.png,P1173.txt
P1615.png,P1615.txt
P3002.png,P3002.txt
P2334.png,P2334.txt
P2452.png,P2452.txt
P0251.png,P0251.txt
P0537.png,P0537.txt
P11083.png,P11083.txt
P1198.png,P1198.txt
P0286.png,P0286.txt
P2491.png,P2491.txt
P2485.png,P2485.txt
P0292.png,P0292.txt
P1832.png,P1832.txt
P1775.png,P1775.txt
P8751.png,P8751.txt
P7476.png,P7476.txt
P3176.png,P3176.txt
P1991.png,P1991.txt
P2240.png,P2240.txt
P2532.png,P2532.txt
P4625.png,P4625.txt
P0443.png,P0443.txt
P2283.png,P2283.txt
P0494.png,P0494.txt
P9895.png,P9895.txt
P1211.png,P1211.txt
P1563.png,P1563.txt
P9881.png,P9881.txt
P1205.png,P1205.txt
P0133.png,P0133.txt
P4355.png,P4355.txt
P10766.png,P10766.txt
P0899.png,P0899.txt
P0641.png,P0641.txt
P3348.png,P3348.txt
P2056.png,P2056.txt
P2730.png,P2730.txt
P1239.png,P1239.txt
P0872.png,P0872.txt
P2095.png,P2095.txt
